id,alpha_id,status,correlation,score_delta,sharpe_ratio,turn_over,fitness,returns
1,alpha_1.txt,FAIL,0.054,-2688,-0.35,28.51%,-0.1,-2.29%
2,alpha_1.txt,FAIL,NA,-2688,-0.35,28.51%,-0.1,-2.29%
3,alpha_10.txt,FAIL,NA,-135,0.02,9.41%,NA,0.07%
4,alpha_100.txt,FAIL,NA,-2571,0.02,9.62%,NA,0.14%
5,alpha_101.txt,FAIL,NA,-3136,0.37,33.35%,0.12,3.38%
6,alpha_102.txt,FAIL,NA,-2553,0.02,9.60%,NA,0.13%
7,alpha_103.txt,FAIL,NA,-269,0.7,6.67%,0.44,2.60%
8,alpha_104.txt,FAIL,NA,-51,1.14,6.82%,0.7,2.55%
9,alpha_105.txt,FAIL,NA,-2446,0.04,9.29%,0.01,0.34%
10,alpha_106.txt,FAIL,NA,-2906,0.1,24.05%,0.02,0.93%
11,alpha_107.txt,PASS,NA,-45,1.08,2.80%,1.01,2.47%
12,alpha_108.txt,PASS,NA,-45,1.08,2.80%,1.01,2.47%
13,alpha_109.txt,FAIL,NA,-4,1.18,17.94%,0.54,3.71%
14,alpha_11.txt,FAIL,NA,-2694,-0.38,28.73%,-0.11,-2.50%
15,alpha_110.txt,FAIL,NA,-484,0.77,7.70%,0.37,1.74%
16,alpha_111.txt,FAIL,NA,-481,2.03,36.95%,0.78,5.52%
17,alpha_112.txt,FAIL,NA,-39,1.04,10.35%,0.5,2.39%
18,alpha_113.txt,FAIL,NA,1,0.95,17.91%,0.38,2.85%
19,alpha_114.txt,FAIL,NA,-325,0.9,7.76%,0.46,2.02%
20,alpha_115.txt,FAIL,NA,-605,1.35,15.06%,0.71,4.13%
21,alpha_116.txt,FAIL,NA,-73,1.47,10.04%,0.9,3.80%
22,alpha_117.txt,PASS,NA,-1171,3.05,65.51%,1.13,9.01%
23,alpha_118.txt,FAIL,NA,-358,1.25,11.16%,0.63,2.82%
24,alpha_119.txt,FAIL,NA,-20,0.28,7.99%,0.09,0.84%
25,alpha_12.txt,FAIL,NA,-135,0.02,9.41%,NA,0.07%
26,alpha_120.txt,FAIL,NA,-126,1.19,6.90%,0.74,2.64%
27,alpha_121.txt,FAIL,NA,-4242,0.03,10.31%,NA,0.27%
28,alpha_122.txt,FAIL,NA,213,0.89,9.82%,0.58,4.17%
29,alpha_123.txt,FAIL,NA,-1284,0.64,28.10%,0.18,2.14%
30,alpha_124.txt,FAIL,NA,-1380,-0.06,26.91%,-0.01,-0.27%
31,alpha_125.txt,PASS,NA,151,1.61,6.43%,1.46,5.28%
32,alpha_126.txt,FAIL,NA,-51,1.13,5.37%,0.78,2.56%
33,alpha_127.txt,FAIL,NA,-556,1.01,41.13%,0.23,2.22%
34,alpha_128.txt,FAIL,NA,-117,1.16,8.93%,0.63,2.61%
35,alpha_129.txt,FAIL,NA,-889,0.48,43.52%,0.08,1.07%
36,alpha_13.txt,FAIL,NA,-4224,-0.7,37.47%,-0.27,-5.41%
37,alpha_130.txt,FAIL,NA,-234,1.06,9.31%,0.53,2.31%
38,alpha_131.txt,PASS,NA,-1052,3.15,63.70%,1.23,9.67%
39,alpha_132.txt,FAIL,NA,-384,1.48,12.71%,0.76,3.32%
40,alpha_133.txt,PASS,NA,-880,3.08,61.85%,1.25,10.13%
41,alpha_134.txt,FAIL,NA,-710,1.28,14.66%,0.58,3.01%
42,alpha_135.txt,PASS,NA,-1139,2.98,62.80%,1.19,10.05%
43,alpha_136.txt,FAIL,NA,-442,1.24,10.83%,0.63,2.79%
44,alpha_137.txt,FAIL,NA,-374,0.58,7.46%,0.31,2.07%
45,alpha_138.txt,FAIL,NA,255,1.29,17.91%,0.59,3.78%
46,alpha_139.txt,FAIL,NA,-2551,0.01,9.57%,NA,0.10%
47,alpha_14.txt,FAIL,NA,-140,0.08,10.33%,0.01,0.32%
48,alpha_140.txt,FAIL,NA,-2665,0.27,24.51%,0.08,2.30%
49,alpha_141.txt,FAIL,NA,-484,0.77,7.70%,0.37,1.74%
50,alpha_142.txt,FAIL,NA,-4,1.18,17.94%,0.54,3.71%
51,alpha_143.txt,FAIL,NA,-225,0.89,16.03%,0.38,2.94%
52,alpha_144.txt,FAIL,NA,-225,0.89,16.03%,0.38,2.94%
53,alpha_145.txt,FAIL,NA,-709,1.5,35.77%,0.51,4.06%
54,alpha_146.txt,FAIL,NA,201,1.1,18.80%,0.46,3.32%
55,alpha_147.txt,FAIL,NA,-239,0.67,16.48%,0.24,2.11%
56,alpha_148.txt,FAIL,NA,-124,0.96,16.48%,0.42,3.18%
57,alpha_149.txt,FAIL,NA,-808,1,16.07%,0.42,2.90%
58,alpha_15.txt,FAIL,NA,-2715,-0.36,29.35%,-0.1,-2.36%
59,alpha_150.txt,FAIL,NA,16,1.54,19.46%,0.75,4.63%
60,alpha_151.txt,FAIL,NA,-1391,2.51,63.28%,0.87,7.65%
61,alpha_152.txt,FAIL,NA,-173,1.23,20.73%,0.54,3.93%
62,alpha_153.txt,FAIL,NA,-167,0.1,8.62%,0.02,0.30%
63,alpha_154.txt,FAIL,NA,92,1.24,17.87%,0.57,3.79%
64,alpha_155.txt,FAIL,NA,-4367,-0.09,11.14%,-0.02,-0.84%
65,alpha_156.txt,FAIL,NA,326,1.09,18.49%,0.57,5.04%
66,alpha_157.txt,FAIL,NA,-1275,0.54,27.33%,0.13,1.69%
67,alpha_158.txt,FAIL,NA,-1013,-0.04,25.78%,NA,-0.13%
68,alpha_159.txt,FAIL,NA,-107,1.24,10.32%,0.74,3.71%
69,alpha_16.txt,FAIL,NA,-135,0.02,9.41%,NA,0.07%
70,alpha_160.txt,FAIL,NA,114,1.22,17.83%,0.56,3.72%
71,alpha_161.txt,FAIL,NA,-722,0.67,40.79%,0.12,1.41%
72,alpha_162.txt,FAIL,NA,81,1.18,19.60%,0.51,3.66%
73,alpha_163.txt,FAIL,NA,-1065,0.12,42.83%,0.01,0.26%
74,alpha_164.txt,FAIL,NA,-29,1.09,19.74%,0.45,3.40%
75,alpha_165.txt,PASS,NA,-1203,2.8,61.53%,1.04,8.49%
76,alpha_166.txt,FAIL,NA,-154,1.4,21.78%,0.62,4.31%
77,alpha_167.txt,PASS,NA,-990,2.78,60.27%,1.09,9.25%
78,alpha_168.txt,FAIL,NA,-498,1.24,22.59%,0.52,3.96%
79,alpha_169.txt,FAIL,NA,-1345,2.49,60.47%,0.94,8.61%
80,alpha_17.txt,FAIL,NA,-2692,-0.33,29.55%,-0.09,-2.15%
81,alpha_170.txt,FAIL,NA,-225,1.22,20.45%,0.53,3.92%
82,alpha_171.txt,FAIL,NA,-110,0.81,9.45%,0.43,2.69%
83,alpha_172.txt,FAIL,NA,-287,2.01,35.72%,0.77,5.18%
84,alpha_173.txt,FAIL,NA,-2532,0.02,9.70%,NA,0.14%
85,alpha_174.txt,FAIL,NA,-2895,0.3,28.58%,0.09,2.66%
86,alpha_175.txt,FAIL,NA,-39,1.04,10.35%,0.5,2.39%
87,alpha_176.txt,FAIL,NA,-481,2.03,36.95%,0.78,5.52%
88,alpha_177.txt,FAIL,NA,201,1.1,18.80%,0.46,3.32%
89,alpha_178.txt,FAIL,NA,-709,1.5,35.77%,0.51,4.06%
90,alpha_179.txt,FAIL,NA,-398,2.46,40.78%,0.99,6.67%
91,alpha_18.txt,FAIL,NA,-111,0.04,9.51%,0.01,0.17%
92,alpha_180.txt,FAIL,NA,-398,2.46,40.78%,0.99,6.67%
93,alpha_181.txt,FAIL,NA,143,0.87,18.76%,0.32,2.55%
94,alpha_182.txt,FAIL,NA,-610,1.59,35.81%,0.55,4.30%
95,alpha_183.txt,FAIL,NA,-469,1.47,15.36%,0.78,4.35%
96,alpha_184.txt,PASS,NA,-147,2.9,38.59%,1.31,7.86%
97,alpha_185.txt,FAIL,NA,-765,2.68,56.41%,0.98,7.52%
98,alpha_186.txt,FAIL,NA,-586,1.98,38.09%,0.73,5.16%
99,alpha_187.txt,FAIL,NA,153,0.35,10.72%,0.11,0.98%
100,alpha_188.txt,FAIL,NA,-324,2.04,36.14%,0.79,5.36%
101,alpha_189.txt,FAIL,NA,-4255,0.03,9.42%,0.01,0.30%
102,alpha_19.txt,FAIL,NA,-5113,-0.67,27.28%,-0.31,-5.87%
103,alpha_191.txt,FAIL,NA,-1255,0.54,27.35%,0.14,1.72%
104,alpha_192.txt,FAIL,NA,-1028,-0.03,26.20%,NA,-0.12%
105,alpha_193.txt,FAIL,NA,60,1.53,13.88%,0.86,4.35%
106,alpha_194.txt,FAIL,NA,-313,2,35.71%,0.75,5.08%
107,alpha_195.txt,FAIL,NA,-285,1.12,38.12%,0.27,2.28%
108,alpha_196.txt,FAIL,NA,-540,1.94,37.98%,0.7,4.99%
109,alpha_197.txt,FAIL,NA,-618,0.58,40.31%,0.1,1.23%
110,alpha_198.txt,FAIL,NA,-654,1.79,38.19%,0.63,4.67%
111,alpha_199.txt,PASS,NA,-609,2.88,54.63%,1.11,8.07%
112,alpha_2.txt,FAIL,NA,-132,0.03,9.36%,NA,0.13%
113,alpha_20.txt,FAIL,NA,-104,0.07,9.41%,0.01,0.26%
114,alpha_200.txt,FAIL,NA,-545,1.91,37.25%,0.71,5.08%
115,alpha_201.txt,PASS,NA,-625,2.85,55.28%,1.13,8.70%
116,alpha_202.txt,FAIL,NA,-683,1.7,37.70%,0.61,4.78%
117,alpha_203.txt,PASS,NA,-710,2.68,53.74%,1.05,8.19%
118,alpha_204.txt,FAIL,NA,-575,1.9,37.48%,0.69,5.00%
119,alpha_205.txt,FAIL,NA,-296,0.64,7.48%,0.35,2.29%
120,alpha_206.txt,FAIL,NA,213,1.04,17.87%,0.42,2.89%
121,alpha_207.txt,FAIL,NA,-2551,0.01,9.57%,NA,0.11%
122,alpha_208.txt,FAIL,NA,-2693,0.23,24.45%,0.07,1.96%
123,alpha_209.txt,FAIL,NA,-325,0.9,7.76%,0.46,2.02%
124,alpha_21.txt,FAIL,NA,-1936,-0.28,28.38%,-0.06,-1.21%
125,alpha_210.txt,FAIL,NA,1,0.95,17.91%,0.38,2.85%
126,alpha_211.txt,FAIL,NA,-124,0.96,16.48%,0.42,3.18%
127,alpha_212.txt,FAIL,NA,-239,0.67,16.48%,0.24,2.11%
128,alpha_213.txt,FAIL,NA,-610,1.59,35.81%,0.55,4.30%
129,alpha_214.txt,FAIL,NA,143,0.87,18.76%,0.32,2.55%
130,alpha_215.txt,FAIL,NA,-108,0.74,16.19%,0.28,2.33%
131,alpha_216.txt,FAIL,NA,-108,0.74,16.19%,0.28,2.33%
132,alpha_217.txt,FAIL,NA,-676,1.1,16.10%,0.49,3.17%
133,alpha_218.txt,FAIL,NA,79,1.33,19.36%,0.59,3.86%
134,alpha_219.txt,FAIL,NA,-1288,2.63,63.62%,0.93,8.02%
135,alpha_22.txt,FAIL,NA,-173,0.01,9.70%,NA,0.04%
136,alpha_220.txt,FAIL,NA,-124,1,20.62%,0.39,3.06%
137,alpha_221.txt,FAIL,NA,-47,0.18,8.63%,0.04,0.53%
138,alpha_222.txt,FAIL,NA,75,1,17.83%,0.41,2.93%
139,alpha_223.txt,FAIL,NA,-4345,-0.07,11.17%,-0.02,-0.68%
140,alpha_224.txt,FAIL,NA,437,0.93,18.45%,0.45,4.24%
141,alpha_225.txt,FAIL,NA,-1255,0.54,27.33%,0.13,1.69%
142,alpha_226.txt,FAIL,NA,-1016,-0.05,25.78%,NA,-0.18%
143,alpha_227.txt,FAIL,NA,-21,1.38,10.39%,0.87,4.10%
144,alpha_228.txt,FAIL,NA,119,0.97,17.79%,0.39,2.82%
145,alpha_229.txt,FAIL,NA,-591,0.81,40.91%,0.17,1.71%
146,alpha_23.txt,FAIL,NA,-2678,-0.34,28.87%,-0.1,-2.26%
147,alpha_230.txt,FAIL,NA,96,0.95,19.50%,0.36,2.81%
148,alpha_231.txt,FAIL,NA,-938,0.24,43.01%,0.03,0.54%
149,alpha_232.txt,FAIL,NA,-16,0.86,19.66%,0.31,2.57%
150,alpha_233.txt,PASS,NA,-1097,2.89,61.78%,1.09,8.80%
151,alpha_234.txt,FAIL,NA,-100,1.17,21.59%,0.47,3.44%
152,alpha_235.txt,PASS,NA,-932,2.85,60.43%,1.13,9.49%
153,alpha_236.txt,FAIL,NA,-494,1.02,22.42%,0.38,3.12%
154,alpha_237.txt,PASS,NA,-1211,2.6,60.81%,1,8.99%
155,alpha_238.txt,FAIL,NA,-177,0.99,20.35%,0.38,3.05%
156,alpha_239.txt,FAIL,NA,-198,1.06,9.51%,0.67,3.78%
157,alpha_24.txt,FAIL,NA,-132,0.03,9.36%,NA,0.12%
158,alpha_240.txt,FAIL,NA,-433,1.39,15.56%,0.71,4.03%
159,alpha_241.txt,FAIL,NA,-2607,0.05,9.80%,0.01,0.45%
160,alpha_242.txt,FAIL,NA,-3335,0.35,30.80%,0.12,3.33%
161,alpha_243.txt,FAIL,NA,-73,1.47,10.04%,0.9,3.80%
162,alpha_244.txt,FAIL,NA,-605,1.35,15.06%,0.71,4.13%
163,alpha_245.txt,FAIL,NA,16,1.54,19.46%,0.75,4.63%
164,alpha_246.txt,FAIL,NA,-808,1,16.07%,0.42,2.90%
165,alpha_247.txt,PASS,NA,-147,2.9,38.59%,1.31,7.86%
166,alpha_248.txt,FAIL,NA,-469,1.47,15.36%,0.78,4.35%
167,alpha_249.txt,FAIL,NA,79,1.33,19.36%,0.59,3.86%
168,alpha_25.txt,FAIL,NA,-2886,-0.42,31.13%,-0.13,-2.80%
169,alpha_250.txt,FAIL,NA,-676,1.1,16.10%,0.49,3.17%
170,alpha_251.txt,PASS,NA,-185,1.78,10.69%,1.35,6.14%
171,alpha_252.txt,PASS,NA,-185,1.78,10.69%,1.35,6.14%
172,alpha_253.txt,PASS,NA,-799,3.39,59.59%,1.38,9.81%
173,alpha_254.txt,FAIL,NA,-628,1.43,18.44%,0.68,4.15%
174,alpha_255.txt,FAIL,NA,165,0.77,10.86%,0.35,2.26%
175,alpha_256.txt,FAIL,NA,-498,1.44,15.75%,0.74,4.20%
176,alpha_257.txt,FAIL,NA,-4024,0.17,10.94%,0.07,1.68%
177,alpha_258.txt,FAIL,NA,-248,1.22,15.55%,0.74,5.69%
178,alpha_259.txt,FAIL,NA,-1208,0.73,29.80%,0.21,2.57%
179,alpha_26.txt,FAIL,NA,-122,0.01,9.62%,NA,0.03%
180,alpha_260.txt,FAIL,NA,-1638,-0.07,32.47%,-0.01,-0.33%
181,alpha_261.txt,PASS,NA,263,2.08,12.57%,1.56,7.07%
182,alpha_262.txt,FAIL,NA,-529,1.32,15.22%,0.67,3.88%
183,alpha_263.txt,FAIL,NA,-332,1.58,39.67%,0.5,3.93%
184,alpha_264.txt,FAIL,NA,-585,1.32,17.17%,0.63,3.86%
185,alpha_265.txt,FAIL,NA,-647,1.14,41.82%,0.29,2.74%
186,alpha_266.txt,FAIL,NA,-685,1.22,17.40%,0.56,3.61%
187,alpha_267.txt,PASS,NA,-698,3.47,58.93%,1.45,10.36%
188,alpha_268.txt,FAIL,NA,-663,1.48,19.72%,0.69,4.33%
189,alpha_269.txt,PASS,NA,-674,3.52,58.83%,1.51,10.79%
190,alpha_27.txt,FAIL,NA,-2887,-0.42,31.16%,-0.13,-2.80%
191,alpha_270.txt,FAIL,NA,-298,1.39,21.38%,0.61,4.16%
192,alpha_271.txt,PASS,NA,-443,3.35,57.13%,1.45,10.68%
193,alpha_272.txt,FAIL,NA,-212,1.4,18.29%,0.66,4.08%
194,alpha_273.txt,FAIL,NA,-550,0.77,9.68%,0.42,2.86%
195,alpha_274.txt,PASS,NA,-472,3.14,63.44%,1.17,8.82%
196,alpha_275.txt,FAIL,NA,-2284,0.02,9.61%,NA,0.13%
197,alpha_276.txt,FAIL,NA,-2707,0.36,34.03%,0.11,3.27%
198,alpha_277.txt,FAIL,NA,-104,1.25,11.16%,0.63,2.82%
199,alpha_278.txt,PASS,NA,-725,3.05,65.51%,1.13,9.01%
200,alpha_279.txt,FAIL,NA,11,1.23,20.73%,0.54,3.93%
201,alpha_28.txt,FAIL,NA,-369,0.01,9.62%,NA,0.03%
202,alpha_280.txt,FAIL,NA,-1259,2.51,63.28%,0.87,7.65%
203,alpha_281.txt,FAIL,NA,-764,1.98,38.09%,0.73,5.16%
204,alpha_282.txt,FAIL,NA,-625,2.68,56.41%,0.98,7.52%
205,alpha_283.txt,FAIL,NA,14,1,20.62%,0.39,3.06%
206,alpha_284.txt,FAIL,NA,-1163,2.63,63.62%,0.93,8.02%
207,alpha_285.txt,FAIL,NA,-482,1.43,18.44%,0.68,4.15%
208,alpha_286.txt,PASS,NA,-979,3.39,59.59%,1.38,9.81%
209,alpha_287.txt,PASS,NA,-1197,3.01,68.81%,1.12,9.49%
210,alpha_288.txt,PASS,NA,-1197,3.01,68.81%,1.12,9.49%
211,alpha_289.txt,FAIL,NA,-220,0.36,11.07%,0.11,1.08%
212,alpha_29.txt,FAIL,NA,-1931,-0.36,29.42%,-0.1,-2.35%
213,alpha_290.txt,PASS,NA,-963,3.05,63.68%,1.14,8.90%
214,alpha_291.txt,FAIL,NA,-3835,NA,12.61%,NA,0.01%
215,alpha_292.txt,FAIL,NA,-785,1.89,56.07%,0.77,9.42%
216,alpha_293.txt,FAIL,NA,-1039,0.54,27.33%,0.14,1.71%
217,alpha_294.txt,FAIL,NA,-663,NA,26.42%,NA,
218,alpha_295.txt,PASS,NA,-576,1.76,15.31%,1.05,5.44%
219,alpha_296.txt,PASS,NA,-1007,3.05,64.50%,1.13,8.78%
220,alpha_297.txt,FAIL,NA,-594,1.2,45.23%,0.29,2.56%
221,alpha_298.txt,PASS,NA,-1011,3.11,67.92%,1.14,9.06%
222,alpha_299.txt,FAIL,NA,-847,0.63,47.33%,0.11,1.40%
223,alpha_3.txt,FAIL,NA,-2233,-0.45,21.84%,-0.16,-2.92%
224,alpha_30.txt,FAIL,NA,-336,0.02,9.41%,NA,0.07%
225,alpha_300.txt,PASS,NA,-1101,2.97,67.89%,1.06,8.64%
226,alpha_301.txt,PASS,NA,-1015,3.13,65.26%,1.22,9.97%
227,alpha_302.txt,PASS,NA,-1157,3.14,67.46%,1.19,9.65%
228,alpha_303.txt,PASS,NA,-774,3.06,62.67%,1.24,10.26%
229,alpha_304.txt,PASS,NA,-1300,2.77,67.10%,1.01,8.90%
230,alpha_305.txt,PASS,NA,-1077,2.96,66.13%,1.18,10.53%
231,alpha_306.txt,PASS,NA,-1267,2.94,68.53%,1.09,9.39%
232,alpha_307.txt,FAIL,NA,-333,0.74,6.16%,0.5,2.79%
233,alpha_308.txt,FAIL,NA,-162,0.31,7.33%,0.11,0.96%
234,alpha_309.txt,FAIL,NA,-2144,0.01,9.63%,NA,0.08%
235,alpha_31.txt,FAIL,NA,-1931,-0.35,29.54%,-0.1,-2.27%
236,alpha_310.txt,FAIL,NA,-2149,0.27,22.58%,0.09,2.32%
237,alpha_311.txt,FAIL,NA,-153,1.19,6.90%,0.74,2.64%
238,alpha_312.txt,FAIL,NA,-164,0.28,7.99%,0.09,0.84%
239,alpha_313.txt,FAIL,NA,209,1.24,17.87%,0.57,3.79%
240,alpha_314.txt,FAIL,NA,-205,0.1,8.62%,0.02,0.30%
241,alpha_315.txt,FAIL,NA,-511,2.04,36.14%,0.79,5.36%
242,alpha_316.txt,FAIL,NA,-165,0.35,10.72%,0.11,0.98%
243,alpha_317.txt,FAIL,NA,183,1,17.83%,0.41,2.93%
244,alpha_318.txt,FAIL,NA,-155,0.18,8.63%,0.04,0.53%
245,alpha_319.txt,FAIL,NA,-273,1.44,15.75%,0.74,4.20%
246,alpha_32.txt,FAIL,NA,-336,0.02,9.41%,NA,0.07%
247,alpha_320.txt,FAIL,NA,-236,0.77,10.86%,0.35,2.26%
248,alpha_321.txt,PASS,NA,-963,3.05,63.68%,1.14,8.90%
249,alpha_322.txt,FAIL,NA,-220,0.36,11.07%,0.11,1.08%
250,alpha_323.txt,FAIL,NA,-48,0.31,5.48%,0.13,0.96%
251,alpha_324.txt,FAIL,NA,-48,0.31,5.48%,0.13,0.96%
252,alpha_325.txt,FAIL,NA,-3776,0.01,10.94%,NA,0.15%
253,alpha_326.txt,FAIL,NA,-203,0.48,10.40%,0.22,2.15%
254,alpha_327.txt,FAIL,NA,-985,0.62,27.81%,0.17,2.00%
255,alpha_328.txt,FAIL,NA,-784,-0.07,26.74%,-0.01,-0.27%
256,alpha_329.txt,PASS,NA,-377,1.65,8.85%,1.27,5.23%
257,alpha_33.txt,FAIL,NA,-1991,-0.36,29.31%,-0.1,-2.36%
258,alpha_330.txt,FAIL,NA,-188,0.26,7.86%,0.08,0.78%
259,alpha_331.txt,FAIL,NA,-511,1.17,40.47%,0.29,2.56%
260,alpha_332.txt,FAIL,NA,-202,0.3,9.67%,0.09,0.88%
261,alpha_333.txt,FAIL,NA,-610,0.64,42.68%,0.12,1.43%
262,alpha_334.txt,FAIL,NA,-262,0.22,9.88%,0.06,0.66%
263,alpha_335.txt,PASS,NA,-864,3.12,62.22%,1.22,9.51%
264,alpha_336.txt,FAIL,NA,-173,0.49,12.15%,0.17,1.45%
265,alpha_337.txt,PASS,NA,-709,3.05,60.75%,1.23,9.91%
266,alpha_338.txt,FAIL,NA,-270,0.44,13.39%,0.14,1.33%
267,alpha_339.txt,PASS,NA,-882,2.98,61.04%,1.2,9.83%
268,alpha_34.txt,FAIL,NA,-336,0.02,9.41%,NA,0.07%
269,alpha_340.txt,FAIL,NA,-237,0.35,10.86%,0.11,1.05%
270,alpha_341.txt,FAIL,NA,-325,0.84,9.13%,0.56,4.10%
271,alpha_342.txt,FAIL,NA,-3875,-0.02,10.68%,NA,-0.15%
272,alpha_343.txt,FAIL,NA,-2095,0.01,9.59%,NA,0.10%
273,alpha_344.txt,FAIL,NA,-4441,-0.17,21.71%,-0.05,-1.82%
274,alpha_345.txt,FAIL,NA,-71,0.89,9.82%,0.58,4.17%
275,alpha_346.txt,FAIL,NA,-3821,0.03,10.31%,NA,0.27%
276,alpha_347.txt,FAIL,NA,436,1.09,18.49%,0.57,5.04%
277,alpha_348.txt,FAIL,NA,-3902,-0.09,11.14%,-0.02,-0.84%
278,alpha_349.txt,FAIL,NA,-93,1.67,38.68%,0.79,8.63%
279,alpha_35.txt,FAIL,NA,-309,0.71,4.06%,0.58,2.75%
280,alpha_350.txt,FAIL,NA,-3811,0.03,9.42%,0.01,0.30%
281,alpha_351.txt,FAIL,NA,383,0.93,18.45%,0.45,4.24%
282,alpha_352.txt,FAIL,NA,-3880,-0.07,11.17%,-0.02,-0.68%
283,alpha_353.txt,FAIL,NA,-233,1.22,15.55%,0.74,5.69%
284,alpha_354.txt,FAIL,NA,-3656,0.17,10.94%,0.07,1.68%
285,alpha_355.txt,FAIL,NA,-785,1.89,56.07%,0.77,9.42%
286,alpha_356.txt,FAIL,NA,-3835,NA,12.61%,NA,0.01%
287,alpha_357.txt,FAIL,NA,-203,0.48,10.40%,0.22,2.15%
288,alpha_358.txt,FAIL,NA,-3776,0.01,10.94%,NA,0.15%
289,alpha_359.txt,FAIL,NA,-3645,0.2,5.98%,0.12,2.18%
290,alpha_36.txt,FAIL,NA,-309,0.71,4.06%,0.58,2.75%
291,alpha_360.txt,FAIL,NA,-3645,0.2,5.98%,0.12,2.18%
292,alpha_361.txt,FAIL,NA,-872,0.67,27.75%,0.19,2.20%
293,alpha_362.txt,FAIL,NA,-3737,-0.34,24.82%,-0.11,-2.52%
294,alpha_363.txt,FAIL,NA,-609,1.13,12.81%,0.78,6.13%
295,alpha_364.txt,FAIL,NA,-3848,-0.01,10.42%,NA,-0.08%
296,alpha_365.txt,FAIL,NA,-564,0.85,37.60%,0.27,3.93%
297,alpha_366.txt,FAIL,NA,-3837,NA,12.09%,NA,0.04%
298,alpha_367.txt,FAIL,NA,-846,0.63,39.73%,0.17,2.91%
299,alpha_368.txt,FAIL,NA,-3860,-0.01,12.18%,NA,-0.09%
300,alpha_369.txt,FAIL,NA,-690,2.09,54.57%,0.89,9.81%
301,alpha_37.txt,FAIL,NA,-2085,0.06,9.41%,0.01,0.46%
302,alpha_370.txt,FAIL,NA,-3820,0.02,13.82%,NA,0.15%
303,alpha_371.txt,PASS,NA,-407,2.31,55.16%,1,10.38%
304,alpha_372.txt,FAIL,NA,-3890,-0.03,14.71%,NA,-0.33%
305,alpha_373.txt,FAIL,NA,-737,1.98,53.50%,0.86,10.06%
306,alpha_374.txt,FAIL,NA,-3858,-0.02,12.62%,NA,-0.17%
307,alpha_375.txt,FAIL,NA,-752,-0.04,25.86%,NA,-0.14%
308,alpha_376.txt,FAIL,NA,-961,0.57,27.52%,0.15,1.84%
309,alpha_377.txt,FAIL,NA,-1750,0.09,17.84%,0.02,0.58%
310,alpha_378.txt,FAIL,NA,-929,0.55,28.43%,0.14,1.87%
311,alpha_379.txt,FAIL,NA,-1127,-0.06,26.91%,-0.01,-0.27%
312,alpha_38.txt,FAIL,NA,-2121,0.31,21.44%,0.11,2.60%
313,alpha_380.txt,FAIL,NA,-1051,0.64,28.10%,0.18,2.14%
314,alpha_381.txt,FAIL,NA,-672,-0.04,25.78%,NA,-0.13%
315,alpha_382.txt,FAIL,NA,-1042,0.54,27.33%,0.13,1.69%
316,alpha_383.txt,FAIL,NA,-686,-0.03,26.20%,NA,-0.12%
317,alpha_384.txt,FAIL,NA,-1041,0.54,27.35%,0.14,1.72%
318,alpha_385.txt,FAIL,NA,-672,-0.05,25.78%,NA,-0.18%
319,alpha_386.txt,FAIL,NA,-1042,0.54,27.33%,0.13,1.69%
320,alpha_387.txt,FAIL,NA,-1029,-0.07,32.47%,-0.01,-0.33%
321,alpha_388.txt,FAIL,NA,-965,0.73,29.80%,0.21,2.57%
322,alpha_389.txt,FAIL,NA,-663,NA,26.42%,NA,
323,alpha_39.txt,FAIL,NA,-74,1.14,6.82%,0.7,2.55%
324,alpha_390.txt,FAIL,NA,-1039,0.54,27.33%,0.14,1.71%
325,alpha_391.txt,FAIL,NA,-784,-0.07,26.74%,-0.01,-0.27%
326,alpha_392.txt,FAIL,NA,-985,0.62,27.81%,0.17,2.00%
327,alpha_393.txt,FAIL,NA,-3737,-0.34,24.82%,-0.11,-2.52%
328,alpha_394.txt,FAIL,NA,-872,0.67,27.75%,0.19,2.20%
329,alpha_395.txt,FAIL,NA,-924,0.73,27.61%,0.24,2.95%
330,alpha_396.txt,FAIL,NA,-924,0.73,27.61%,0.24,2.95%
331,alpha_397.txt,FAIL,NA,-946,-0.04,26.38%,NA,-0.17%
332,alpha_398.txt,FAIL,NA,-963,0.57,27.61%,0.15,1.84%
333,alpha_399.txt,FAIL,NA,-871,-0.03,28.88%,NA,-0.12%
334,alpha_4.txt,FAIL,NA,-366,0.03,9.66%,NA,0.10%
335,alpha_40.txt,FAIL,NA,-409,0.7,6.67%,0.44,2.60%
336,alpha_400.txt,FAIL,NA,-1161,0.54,28.14%,0.14,1.77%
337,alpha_401.txt,FAIL,NA,-871,-0.04,28.91%,NA,-0.16%
338,alpha_402.txt,FAIL,NA,-1161,0.54,28.14%,0.14,1.77%
339,alpha_403.txt,FAIL,NA,-666,0.02,26.51%,NA,0.06%
340,alpha_404.txt,FAIL,NA,-1039,0.54,27.32%,0.14,1.71%
341,alpha_405.txt,FAIL,NA,-700,0.05,26.71%,NA,0.17%
342,alpha_406.txt,FAIL,NA,-1042,0.54,27.32%,0.13,1.70%
343,alpha_407.txt,FAIL,NA,-663,NA,26.38%,NA,
344,alpha_408.txt,FAIL,NA,-1039,0.54,27.33%,0.14,1.71%
345,alpha_409.txt,FAIL,NA,-397,0.71,6.45%,0.46,2.65%
346,alpha_41.txt,FAIL,NA,325,1.29,17.91%,0.59,3.78%
347,alpha_410.txt,PASS,NA,-490,1.53,8.54%,1.18,5.10%
348,alpha_411.txt,FAIL,NA,-2060,0.07,9.38%,0.02,0.58%
349,alpha_412.txt,FAIL,NA,-2592,0.27,24.24%,0.09,2.54%
350,alpha_413.txt,FAIL,NA,-99,1.13,5.37%,0.78,2.56%
351,alpha_414.txt,PASS,NA,-449,1.61,6.43%,1.46,5.28%
352,alpha_415.txt,FAIL,NA,245,1.22,17.83%,0.56,3.72%
353,alpha_416.txt,FAIL,NA,-601,1.24,10.32%,0.74,3.71%
354,alpha_417.txt,FAIL,NA,-548,2,35.71%,0.75,5.08%
355,alpha_418.txt,FAIL,NA,-502,1.53,13.88%,0.86,4.35%
356,alpha_419.txt,FAIL,NA,192,0.97,17.79%,0.39,2.82%
357,alpha_42.txt,FAIL,NA,-408,0.58,7.46%,0.31,2.07%
358,alpha_420.txt,FAIL,NA,-522,1.38,10.39%,0.87,4.10%
359,alpha_421.txt,FAIL,NA,-308,1.32,15.22%,0.67,3.88%
360,alpha_422.txt,PASS,NA,-547,2.08,12.57%,1.56,7.07%
361,alpha_423.txt,PASS,NA,-1007,3.05,64.50%,1.13,8.78%
362,alpha_424.txt,PASS,NA,-576,1.76,15.31%,1.05,5.44%
363,alpha_425.txt,FAIL,NA,-188,0.26,7.86%,0.08,0.78%
364,alpha_426.txt,PASS,NA,-377,1.65,8.85%,1.27,5.23%
365,alpha_427.txt,FAIL,NA,-3848,-0.01,10.42%,NA,-0.08%
366,alpha_428.txt,FAIL,NA,-609,1.13,12.81%,0.78,6.13%
367,alpha_429.txt,FAIL,NA,-963,0.57,27.61%,0.15,1.84%
368,alpha_43.txt,FAIL,NA,-459,2.01,35.72%,0.77,5.18%
369,alpha_430.txt,FAIL,NA,-946,-0.04,26.38%,NA,-0.17%
370,alpha_431.txt,PASS,NA,-315,1.61,2.41%,2.46,5.64%
371,alpha_432.txt,PASS,NA,-315,1.61,2.41%,2.46,5.64%
372,alpha_433.txt,FAIL,NA,-587,1,40.75%,0.23,2.24%
373,alpha_434.txt,PASS,NA,-579,1.6,11.85%,1.05,5.11%
374,alpha_435.txt,FAIL,NA,-797,0.47,43.02%,0.07,1.05%
375,alpha_436.txt,FAIL,NA,-632,1.49,12.35%,0.92,4.70%
376,alpha_437.txt,PASS,NA,-880,3.14,62.86%,1.22,9.46%
377,alpha_438.txt,PASS,NA,-563,1.92,17.46%,1.12,5.98%
378,alpha_439.txt,PASS,NA,-742,3.07,61.21%,1.24,9.92%
379,alpha_44.txt,FAIL,NA,-341,0.81,9.45%,0.43,2.69%
380,alpha_440.txt,FAIL,NA,-706,1.67,19.83%,0.86,5.31%
381,alpha_441.txt,PASS,NA,-923,3,61.86%,1.19,9.81%
382,alpha_442.txt,PASS,NA,-628,1.72,14.87%,1.03,5.38%
383,alpha_443.txt,FAIL,NA,-466,0.69,8.29%,0.39,2.59%
384,alpha_444.txt,FAIL,NA,-639,1.01,40.20%,0.25,2.41%
385,alpha_445.txt,FAIL,NA,-2261,-0.01,9.88%,NA,-0.05%
386,alpha_446.txt,FAIL,NA,-2962,0.15,32.45%,0.03,1.37%
387,alpha_447.txt,FAIL,NA,-153,1.16,8.93%,0.63,2.61%
388,alpha_448.txt,FAIL,NA,-653,1.01,41.13%,0.23,2.22%
389,alpha_449.txt,FAIL,NA,260,1.18,19.60%,0.51,3.66%
390,alpha_45.txt,FAIL,NA,331,1.04,17.87%,0.42,2.89%
391,alpha_450.txt,FAIL,NA,-586,0.67,40.79%,0.12,1.41%
392,alpha_451.txt,FAIL,NA,-708,1.94,37.98%,0.7,4.99%
393,alpha_452.txt,FAIL,NA,-427,1.12,38.12%,0.27,2.28%
394,alpha_453.txt,FAIL,NA,210,0.95,19.50%,0.36,2.81%
395,alpha_454.txt,FAIL,NA,-587,0.81,40.91%,0.17,1.71%
396,alpha_455.txt,FAIL,NA,-425,1.32,17.17%,0.63,3.86%
397,alpha_456.txt,FAIL,NA,-694,1.58,39.67%,0.5,3.93%
398,alpha_457.txt,PASS,NA,-1011,3.11,67.92%,1.14,9.06%
399,alpha_458.txt,FAIL,NA,-594,1.2,45.23%,0.29,2.56%
400,alpha_459.txt,FAIL,NA,-202,0.3,9.67%,0.09,0.88%
401,alpha_46.txt,FAIL,NA,-378,0.64,7.48%,0.35,2.29%
402,alpha_460.txt,FAIL,NA,-511,1.17,40.47%,0.29,2.56%
403,alpha_461.txt,FAIL,NA,-3837,NA,12.09%,NA,0.04%
404,alpha_462.txt,FAIL,NA,-564,0.85,37.60%,0.27,3.93%
405,alpha_463.txt,FAIL,NA,-1161,0.54,28.14%,0.14,1.77%
406,alpha_464.txt,FAIL,NA,-871,-0.03,28.88%,NA,-0.12%
407,alpha_465.txt,PASS,NA,-579,1.6,11.85%,1.05,5.11%
408,alpha_466.txt,FAIL,NA,-587,1,40.75%,0.23,2.24%
409,alpha_467.txt,FAIL,NA,-577,1.03,42.00%,0.24,2.34%
410,alpha_468.txt,FAIL,NA,-577,1.03,42.00%,0.24,2.34%
411,alpha_469.txt,FAIL,NA,-827,0.53,45.77%,0.09,1.20%
412,alpha_47.txt,FAIL,NA,-244,1.39,15.56%,0.71,4.03%
413,alpha_470.txt,FAIL,NA,-684,0.9,43.69%,0.19,2.04%
414,alpha_471.txt,PASS,NA,-840,3.22,65.38%,1.25,9.79%
415,alpha_472.txt,FAIL,NA,-603,1.42,45.73%,0.37,3.12%
416,alpha_473.txt,PASS,NA,-635,3.15,62.97%,1.27,10.19%
417,alpha_474.txt,FAIL,NA,-787,1.27,46.52%,0.31,2.86%
418,alpha_475.txt,PASS,NA,-909,3.07,65.31%,1.21,10.15%
419,alpha_476.txt,FAIL,NA,-642,1.19,45.04%,0.28,2.55%
420,alpha_477.txt,FAIL,NA,-476,0.65,8.48%,0.35,2.44%
421,alpha_478.txt,FAIL,NA,-717,0.53,42.42%,0.09,1.22%
422,alpha_479.txt,FAIL,NA,-2264,-0.01,9.89%,NA,-0.06%
423,alpha_48.txt,FAIL,NA,-418,1.06,9.51%,0.67,3.78%
424,alpha_480.txt,FAIL,NA,-3050,0.08,32.88%,0.01,0.76%
425,alpha_481.txt,FAIL,NA,-227,1.06,9.31%,0.53,2.31%
426,alpha_482.txt,FAIL,NA,-810,0.48,43.52%,0.08,1.07%
427,alpha_483.txt,FAIL,NA,140,1.09,19.74%,0.45,3.40%
428,alpha_484.txt,FAIL,NA,-914,0.12,42.83%,0.01,0.26%
429,alpha_485.txt,FAIL,NA,-805,1.79,38.19%,0.63,4.67%
430,alpha_486.txt,FAIL,NA,-633,0.58,40.31%,0.1,1.23%
431,alpha_487.txt,FAIL,NA,147,0.86,19.66%,0.31,2.57%
432,alpha_488.txt,FAIL,NA,-812,0.24,43.01%,0.03,0.54%
433,alpha_489.txt,FAIL,NA,-510,1.22,17.40%,0.56,3.61%
434,alpha_49.txt,PASS,NA,-850,3.14,63.44%,1.17,8.82%
435,alpha_490.txt,FAIL,NA,-1027,1.14,41.82%,0.29,2.74%
436,alpha_491.txt,PASS,NA,-1101,2.97,67.89%,1.06,8.64%
437,alpha_492.txt,FAIL,NA,-847,0.63,47.33%,0.11,1.40%
438,alpha_493.txt,FAIL,NA,-262,0.22,9.88%,0.06,0.66%
439,alpha_494.txt,FAIL,NA,-610,0.64,42.68%,0.12,1.43%
440,alpha_495.txt,FAIL,NA,-3860,-0.01,12.18%,NA,-0.09%
441,alpha_496.txt,FAIL,NA,-846,0.63,39.73%,0.17,2.91%
442,alpha_497.txt,FAIL,NA,-1161,0.54,28.14%,0.14,1.77%
443,alpha_498.txt,FAIL,NA,-871,-0.04,28.91%,NA,-0.16%
444,alpha_499.txt,FAIL,NA,-632,1.49,12.35%,0.92,4.70%
445,alpha_5.txt,FAIL,NA,-1930,-0.34,28.82%,-0.09,-2.22%
446,alpha_50.txt,FAIL,NA,-412,0.77,9.68%,0.42,2.86%
447,alpha_500.txt,FAIL,NA,-797,0.47,43.02%,0.07,1.05%
448,alpha_501.txt,FAIL,NA,-684,0.9,43.69%,0.19,2.04%
449,alpha_502.txt,FAIL,NA,-827,0.53,45.77%,0.09,1.20%
450,alpha_503.txt,FAIL,NA,-848,0.37,44.61%,0.05,0.84%
451,alpha_504.txt,FAIL,NA,-848,0.37,44.61%,0.05,0.84%
452,alpha_505.txt,PASS,NA,-885,3.09,65.11%,1.17,9.35%
453,alpha_506.txt,FAIL,NA,-839,0.85,47.39%,0.17,1.88%
454,alpha_507.txt,PASS,NA,-722,3.06,62.73%,1.22,9.90%
455,alpha_508.txt,FAIL,NA,-1056,0.67,47.90%,0.12,1.58%
456,alpha_509.txt,PASS,NA,-959,2.92,65.19%,1.13,9.70%
457,alpha_51.txt,FAIL,NA,-162,0.31,7.33%,0.11,0.96%
458,alpha_510.txt,FAIL,NA,-913,0.6,47.07%,0.1,1.35%
459,alpha_511.txt,FAIL,NA,-390,0.86,10.75%,0.47,3.21%
460,alpha_512.txt,PASS,NA,-771,3.17,62.00%,1.24,9.46%
461,alpha_513.txt,FAIL,NA,-2226,0.02,9.60%,NA,0.14%
462,alpha_514.txt,FAIL,NA,-2637,0.41,35.06%,0.13,3.66%
463,alpha_515.txt,FAIL,NA,-385,1.48,12.71%,0.76,3.32%
464,alpha_516.txt,PASS,NA,-919,3.15,63.70%,1.23,9.67%
465,alpha_517.txt,FAIL,NA,-19,1.4,21.78%,0.62,4.31%
466,alpha_518.txt,PASS,NA,-1053,2.8,61.53%,1.04,8.49%
467,alpha_519.txt,FAIL,NA,-724,1.91,37.25%,0.71,5.08%
468,alpha_52.txt,FAIL,NA,-333,0.74,6.16%,0.5,2.79%
469,alpha_520.txt,PASS,NA,-545,2.88,54.63%,1.11,8.07%
470,alpha_521.txt,FAIL,NA,-14,1.17,21.59%,0.47,3.44%
471,alpha_522.txt,PASS,NA,-973,2.89,61.78%,1.09,8.80%
472,alpha_523.txt,FAIL,NA,-496,1.48,19.72%,0.69,4.33%
473,alpha_524.txt,PASS,NA,-862,3.47,58.93%,1.45,10.36%
474,alpha_525.txt,PASS,NA,-1157,3.14,67.46%,1.19,9.65%
475,alpha_526.txt,PASS,NA,-1015,3.13,65.26%,1.22,9.97%
476,alpha_527.txt,FAIL,NA,-173,0.49,12.15%,0.17,1.45%
477,alpha_528.txt,PASS,NA,-864,3.12,62.22%,1.22,9.51%
478,alpha_529.txt,FAIL,NA,-3820,0.02,13.82%,NA,0.15%
479,alpha_53.txt,FAIL,NA,-3875,-0.02,10.68%,NA,-0.15%
480,alpha_530.txt,FAIL,NA,-690,2.09,54.57%,0.89,9.81%
481,alpha_531.txt,FAIL,NA,-1039,0.54,27.32%,0.14,1.71%
482,alpha_532.txt,FAIL,NA,-666,0.02,26.51%,NA,0.06%
483,alpha_533.txt,PASS,NA,-563,1.92,17.46%,1.12,5.98%
484,alpha_534.txt,PASS,NA,-880,3.14,62.86%,1.22,9.46%
485,alpha_535.txt,FAIL,NA,-603,1.42,45.73%,0.37,3.12%
486,alpha_536.txt,PASS,NA,-840,3.22,65.38%,1.25,9.79%
487,alpha_537.txt,FAIL,NA,-839,0.85,47.39%,0.17,1.88%
488,alpha_538.txt,PASS,NA,-885,3.09,65.11%,1.17,9.35%
489,alpha_539.txt,PASS,NA,-1038,3.22,66.04%,1.28,10.51%
490,alpha_54.txt,FAIL,NA,-325,0.84,9.13%,0.56,4.10%
491,alpha_540.txt,PASS,NA,-1038,3.22,66.04%,1.28,10.51%
492,alpha_541.txt,PASS,NA,-756,3.18,63.15%,1.31,10.68%
493,alpha_542.txt,PASS,NA,-1158,2.95,65.39%,1.14,9.69%
494,alpha_543.txt,PASS,NA,-1085,3.05,65.06%,1.24,10.70%
495,alpha_544.txt,PASS,NA,-1073,3.05,65.26%,1.19,9.98%
496,alpha_545.txt,FAIL,NA,-437,0.84,12.03%,0.43,3.08%
497,alpha_546.txt,PASS,NA,-636,3.13,60.60%,1.27,9.92%
498,alpha_547.txt,FAIL,NA,-2229,0.02,9.62%,NA,0.14%
499,alpha_548.txt,FAIL,NA,-2414,0.51,36.27%,0.18,4.32%
500,alpha_549.txt,FAIL,NA,-657,1.28,14.66%,0.58,3.01%
501,alpha_55.txt,FAIL,NA,-961,0.57,27.52%,0.15,1.84%
502,alpha_550.txt,PASS,NA,-734,3.08,61.85%,1.25,10.13%
503,alpha_551.txt,FAIL,NA,-313,1.24,22.59%,0.52,3.96%
504,alpha_552.txt,PASS,NA,-837,2.78,60.27%,1.09,9.25%
505,alpha_553.txt,FAIL,NA,-807,1.7,37.70%,0.61,4.78%
506,alpha_554.txt,PASS,NA,-530,2.85,55.28%,1.13,8.70%
507,alpha_555.txt,FAIL,NA,-270,1.02,22.42%,0.38,3.12%
508,alpha_556.txt,PASS,NA,-794,2.85,60.43%,1.13,9.49%
509,alpha_557.txt,FAIL,NA,-578,1.39,21.38%,0.61,4.16%
510,alpha_558.txt,PASS,NA,-750,3.52,58.83%,1.51,10.79%
511,alpha_559.txt,PASS,NA,-1300,2.77,67.10%,1.01,8.90%
512,alpha_56.txt,FAIL,NA,-752,-0.04,25.86%,NA,-0.14%
513,alpha_560.txt,PASS,NA,-774,3.06,62.67%,1.24,10.26%
514,alpha_561.txt,FAIL,NA,-270,0.44,13.39%,0.14,1.33%
515,alpha_562.txt,PASS,NA,-709,3.05,60.75%,1.23,9.91%
516,alpha_563.txt,FAIL,NA,-3890,-0.03,14.71%,NA,-0.33%
517,alpha_564.txt,PASS,NA,-407,2.31,55.16%,1,10.38%
518,alpha_565.txt,FAIL,NA,-1042,0.54,27.32%,0.13,1.70%
519,alpha_566.txt,FAIL,NA,-700,0.05,26.71%,NA,0.17%
520,alpha_567.txt,FAIL,NA,-706,1.67,19.83%,0.86,5.31%
521,alpha_568.txt,PASS,NA,-742,3.07,61.21%,1.24,9.92%
522,alpha_569.txt,FAIL,NA,-787,1.27,46.52%,0.31,2.86%
523,alpha_57.txt,PASS,NA,-490,1.53,8.54%,1.18,5.10%
524,alpha_570.txt,PASS,NA,-635,3.15,62.97%,1.27,10.19%
525,alpha_571.txt,FAIL,NA,-1056,0.67,47.90%,0.12,1.58%
526,alpha_572.txt,PASS,NA,-722,3.06,62.73%,1.22,9.90%
527,alpha_573.txt,PASS,NA,-1158,2.95,65.39%,1.14,9.69%
528,alpha_574.txt,PASS,NA,-756,3.18,63.15%,1.31,10.68%
529,alpha_575.txt,PASS,NA,-916,2.97,62.76%,1.2,10.32%
530,alpha_576.txt,PASS,NA,-916,2.97,62.76%,1.2,10.32%
531,alpha_577.txt,PASS,NA,-1227,2.73,64.68%,1.07,9.88%
532,alpha_578.txt,PASS,NA,-835,3.02,62.67%,1.22,10.29%
533,alpha_579.txt,FAIL,NA,-586,2,35.01%,0.77,5.24%
534,alpha_58.txt,FAIL,NA,-397,0.71,6.45%,0.46,2.65%
535,alpha_580.txt,FAIL,NA,-586,2,35.01%,0.77,5.24%
536,alpha_581.txt,FAIL,NA,-586,2,35.01%,0.77,5.24%
537,alpha_582.txt,FAIL,NA,-586,2,35.01%,0.77,5.24%
538,alpha_583.txt,FAIL,NA,-586,2,35.01%,0.77,5.24%
539,alpha_584.txt,FAIL,NA,-586,2,35.01%,0.77,5.24%
540,alpha_585.txt,FAIL,NA,-586,2,35.01%,0.77,5.24%
541,alpha_586.txt,FAIL,NA,-586,2,35.01%,0.77,5.24%
542,alpha_587.txt,FAIL,NA,-586,2,35.01%,0.77,5.24%
543,alpha_588.txt,FAIL,NA,-586,2,35.01%,0.77,5.24%
544,alpha_589.txt,FAIL,NA,-586,2,35.01%,0.77,5.24%
545,alpha_59.txt,FAIL,NA,-639,1.01,40.20%,0.25,2.41%
546,alpha_590.txt,FAIL,NA,-586,2,35.01%,0.77,5.24%
547,alpha_591.txt,FAIL,NA,-586,2,35.01%,0.77,5.24%
548,alpha_592.txt,FAIL,NA,-586,2,35.01%,0.77,5.24%
549,alpha_593.txt,FAIL,NA,-586,2,35.01%,0.77,5.24%
550,alpha_594.txt,FAIL,NA,-586,2,35.01%,0.77,5.24%
551,alpha_595.txt,FAIL,NA,-586,2,35.01%,0.77,5.24%
552,alpha_596.txt,FAIL,NA,-586,2,35.01%,0.77,5.24%
553,alpha_6.txt,FAIL,NA,-330,0.04,9.31%,0.01,0.15%
554,alpha_60.txt,FAIL,NA,-466,0.69,8.29%,0.39,2.59%
555,alpha_61.txt,FAIL,NA,-717,0.53,42.42%,0.09,1.22%
556,alpha_62.txt,FAIL,NA,-476,0.65,8.48%,0.35,2.44%
557,alpha_63.txt,PASS,NA,-771,3.17,62.00%,1.24,9.46%
558,alpha_64.txt,FAIL,NA,-390,0.86,10.75%,0.47,3.21%
559,alpha_65.txt,PASS,NA,-636,3.13,60.60%,1.27,9.92%
560,alpha_66.txt,FAIL,NA,-437,0.84,12.03%,0.43,3.08%
561,alpha_67.txt,PASS,NA,-771,3.07,60.84%,1.23,9.77%
562,alpha_68.txt,FAIL,NA,-429,0.76,9.49%,0.42,2.83%
563,alpha_69.txt,FAIL,NA,-2121,0.31,21.44%,0.11,2.60%
564,alpha_7.txt,FAIL,NA,-1980,-0.38,28.74%,-0.11,-2.45%
565,alpha_70.txt,FAIL,NA,-2085,0.06,9.41%,0.01,0.46%
566,alpha_71.txt,FAIL,NA,-2085,-0.06,4.52%,-0.02,-0.51%
567,alpha_72.txt,FAIL,NA,-2085,-0.06,4.52%,-0.02,-0.51%
568,alpha_73.txt,FAIL,NA,-2487,0.1,24.05%,0.02,0.93%
569,alpha_74.txt,FAIL,NA,-2131,0.04,9.29%,0.01,0.34%
570,alpha_75.txt,FAIL,NA,-2284,0.27,24.51%,0.08,2.30%
571,alpha_76.txt,FAIL,NA,-2226,0.01,9.57%,NA,0.10%
572,alpha_77.txt,FAIL,NA,-2506,0.3,28.58%,0.09,2.66%
573,alpha_78.txt,FAIL,NA,-2229,0.02,9.70%,NA,0.14%
574,alpha_79.txt,FAIL,NA,-2283,0.23,24.45%,0.07,1.96%
575,alpha_8.txt,FAIL,NA,-336,0.02,9.41%,NA,0.07%
576,alpha_80.txt,FAIL,NA,-2226,0.01,9.57%,NA,0.11%
577,alpha_81.txt,FAIL,NA,-2737,0.35,30.80%,0.12,3.33%
578,alpha_82.txt,FAIL,NA,-2274,0.05,9.80%,0.01,0.45%
579,alpha_83.txt,FAIL,NA,-2703,0.36,34.03%,0.11,3.27%
580,alpha_84.txt,FAIL,NA,-2226,0.02,9.61%,NA,0.13%
581,alpha_85.txt,FAIL,NA,-2149,0.27,22.58%,0.09,2.32%
582,alpha_86.txt,FAIL,NA,-2144,0.01,9.63%,NA,0.08%
583,alpha_87.txt,FAIL,NA,-4441,-0.17,21.71%,-0.05,-1.82%
584,alpha_88.txt,FAIL,NA,-2095,0.01,9.59%,NA,0.10%
585,alpha_89.txt,FAIL,NA,-929,0.55,28.43%,0.14,1.87%
586,alpha_9.txt,FAIL,NA,-1987,-0.38,29.05%,-0.11,-2.46%
587,alpha_90.txt,FAIL,NA,-1750,0.09,17.84%,0.02,0.58%
588,alpha_91.txt,FAIL,NA,-2592,0.27,24.24%,0.09,2.54%
589,alpha_92.txt,FAIL,NA,-2060,0.07,9.38%,0.02,0.58%
590,alpha_93.txt,FAIL,NA,-2962,0.15,32.45%,0.03,1.37%
591,alpha_94.txt,FAIL,NA,-2261,-0.01,9.88%,NA,-0.05%
592,alpha_95.txt,FAIL,NA,-3050,0.08,32.88%,0.01,0.76%
593,alpha_96.txt,FAIL,NA,-2264,-0.01,9.89%,NA,-0.06%
594,alpha_97.txt,FAIL,NA,-2637,0.41,35.06%,0.13,3.66%
595,alpha_98.txt,FAIL,NA,-2226,0.02,9.60%,NA,0.14%
596,alpha_99.txt,FAIL,NA,-2414,0.51,36.27%,0.18,4.32%
